galaxy,s_g,chi_g
CamB,0.10000000000000002,0.04257238569646038
D512-2,1.422331451005105,0.2307807953044366
D564-8,0.10000000000000002,0.4455530563351607
D631-7,0.10000000000000002,0.48953856054929834
DDO064,0.801137145546684,0.7119327152485242
DDO154,0.1163254807755443,0.7417491789151208
DDO161,0.10000000000000002,0.28125163222342636
DDO168,0.10000000000000002,0.5390111925245141
DDO170,1.9747957005588748,0.20433706336349522
ESO079-G014,0.9217872291155951,1.0604750176608058
ESO116-G012,0.6135762573843867,2.0361859390840444
ESO444-G084,0.1000000013909622,3.094728190113719
ESO563-G021,1.2022856832896318,1.3025763977052673
F561-1,1.213320885464262,0.010000000000000002
F563-1,2.78359785853388,0.9438804645299753
F563-V1,0.8291849957714187,0.010000000000000002
F563-V2,2.9999999999999996,1.078815240370964
F565-V2,0.8294764374035192,1.4480258787029172
F567-2,2.786738764036019,0.010000000000000002
F568-1,2.9999999999999996,0.9792119078406553
F568-3,0.8109089755948657,0.8294592509890956
F568-V1,2.9999999999999996,1.069579227356013
F571-8,0.3486886499476161,3.9999999999999996
F571-V1,0.9319799553950524,0.6340305191214145
F574-1,2.812171352405565,0.21031136794881838
F574-2,0.41940444738838295,0.010000000000000002
F579-V1,2.9999999999999996,0.12907392164055265
F583-1,2.9999999999999996,0.4002116116953752
F583-4,0.7390980078515604,0.7727938197808881
IC2574,0.12383751812908922,0.6425507848850605
IC4202,0.47475034299157387,3.3596397473577033
KK98-251,0.10000000000000002,0.16888037303618367
NGC0024,1.9389339512560995,0.9700026545681781
NGC0055,0.10000000000000002,0.529060978963347
NGC0100,0.19296810515082677,3.3270677998748965
NGC0247,2.883361418161096,0.08900200376904928
NGC0289,1.1461610661283828,0.3646050594060153
NGC0300,0.6935201419896407,1.5226397955945314
NGC0801,1.0223181909762316,0.18274123523281005
NGC0891,0.5001426702103472,1.7751649638636182
NGC1003,0.569100454559187,0.890851382666615
NGC1090,0.8802427879208387,0.42755785916922756
NGC1705,1.508381490894698,2.1462797162663465
NGC2366,0.3744580925568396,0.4025711381612086
NGC2403,0.8960175373684611,1.1301853617274407
NGC2683,1.0345003246180535,0.47598991669887164
NGC2841,1.3528883143628496,1.2772534792794923
NGC2903,0.633656222257565,1.6846111588164587
NGC2915,0.8173277631170109,3.252146424326698
NGC2955,0.8569458946945674,0.3235639135302972
NGC2976,1.6496870072727785,0.010000000000000002
NGC2998,1.13266814731561,0.40116399605450415
NGC3109,0.10000000000000002,1.5917081444271162
NGC3198,0.9537189044449891,0.5921345535458802
NGC3521,0.8345205603176608,1.1315785584227311
NGC3726,0.6289895832304717,0.5251564264462195
NGC3741,0.17588482732950866,1.2749320572055283
NGC3769,0.5287975510893383,0.9228778159223536
NGC3877,0.9200795993033959,0.2595846674427373
NGC3893,0.7051410538499754,1.4093042724549243
NGC3917,1.4050000933092381,0.33381073179370374
NGC3949,0.5953458298232961,1.2805874535639048
NGC3953,1.4868894449163303,0.02515027011925922
NGC3972,0.5158502693599791,2.316379650832138
NGC3992,1.4014681548553956,0.42582986946058493
NGC4010,0.2478190129468456,2.548699256832457
NGC4013,0.5442806325401108,1.3565115085405102
NGC4051,1.1301511796710182,0.041861659441818765
NGC4068,0.10519317064585956,0.4718127875492289
NGC4085,0.23093263906915346,3.9999999999999996
NGC4088,0.481648751983534,0.5339768872084998
NGC4100,1.1270848306722054,0.5758328993214593
NGC4138,1.0224730075891666,0.5705971663604029
NGC4157,0.5657114738084154,0.8502498499764599
NGC4183,1.8700367594559328,0.19703469845770527
NGC4214,0.6395563183645744,3.6997329305100917
NGC4217,0.19582103143708315,3.9999999999999996
NGC4389,0.10000000000000002,1.9621186045860808
NGC4559,0.7206276405257961,0.47952927863847683
NGC5005,0.6666663069872527,1.8788569268675706
NGC5033,0.9534336883673852,0.8723609626804354
NGC5055,0.6131824657843965,0.6670563967003328
NGC5371,1.11535691694488,0.05148252698628645
NGC5585,0.4128941532744202,1.1522878939469168
NGC5907,1.216668660558838,0.34243463539010294
NGC5985,2.9066884519965517,0.0716826917319397
NGC6015,1.2726394874246876,0.5387282189937519
NGC6195,0.824171845656187,0.2526045637295298
NGC6503,0.7061446191800047,1.1579508426624947
NGC6674,1.2294757970005274,0.6673677526607414
NGC6789,1.220722725153005,3.9999999999999996
NGC6946,0.705714774183282,0.7021964127117925
NGC7331,0.543918089016732,1.1261904372368723
NGC7793,0.9296647897914706,0.5396716972405624
NGC7814,0.7144981088753543,2.467646698079502
PGC51017,0.5363617905532538,0.010000000000000002
UGC00128,2.9999999999999996,0.2807576592581725
UGC00191,1.9514696988314268,0.28252464402004646
UGC00634,0.8461373362338994,0.9576228088340484
UGC00731,2.9999999999999996,0.550737360091757
UGC00891,0.10000000000000002,0.8563473709509921
UGC01230,2.9999999999999996,0.16853907597800732
UGC01281,0.44771923470350894,1.034170943969043
UGC02023,0.10000000000000002,1.0513925019410535
UGC02259,2.9999999999999996,0.3959681405651061
UGC02455,0.10000000000000002,0.18798243609926557
UGC02487,1.668733608641621,0.7193133670288172
UGC02885,1.074239715691177,0.6724567006393186
UGC02916,0.5667958357954802,1.4288290210675179
UGC02953,0.9964829215926002,1.2567889286696023
UGC03205,1.143245485360964,0.6132880554304221
UGC03546,0.6746663351747524,1.1472349174762626
UGC03580,0.2738160201783942,1.423561535687208
UGC04278,0.8865880696306705,1.1601892556304287
UGC04305,0.9323865767785344,0.010000000000000002
UGC04325,2.9999999999999996,0.366786104174632
UGC04483,0.8593684205494833,0.2491247861810887
UGC04499,1.0470222318643596,0.39228544425422524
UGC05005,0.513847034701463,0.5134505957955218
UGC05253,0.8040769263843395,1.144495844402175
UGC05414,0.29885749736224426,0.8361411694648856
UGC05716,2.403128735483628,0.44636525036314223
UGC05721,1.460435898490348,2.0164230550673805
UGC05750,2.1512137754746417,0.10742899496885597
UGC05764,2.9999999999999996,1.441746343591503
UGC05829,2.907011529742452,0.15972888865991694
UGC05918,2.9999999999999996,0.1967822782291372
UGC05986,0.5478122968509233,3.484113742598909
UGC05999,0.9320342424132212,0.504593069829118
UGC06399,1.1395956920232861,0.8620708504876771
UGC06446,2.9999999999999996,0.4786806989812833
UGC06614,0.34589397238814645,1.626116772164508
UGC06628,0.9288408151357698,0.010000000000000002
UGC06667,2.9999999999999996,1.3551146477340241
UGC06786,0.8163339540831734,3.0445447029092163
UGC06787,0.7294759024716151,3.3309371145718942
UGC06818,0.10000000000000002,2.080505240709737
UGC06917,0.9996059257383949,0.8818594940141098
UGC06923,0.33008022687993493,1.37042851348894
UGC06930,1.943361780117659,0.18441817163640872
UGC06973,0.276655266974253,3.9999999999999996
UGC06983,1.8185317119855635,0.5395911651785651
UGC07089,0.2823579095621633,0.8220854551480584
UGC07125,1.6590833610649338,0.04634850857503033
UGC07151,1.6579845409229244,0.20231033825740363
UGC07232,0.10962455564652829,3.9999999999999996
UGC07261,1.409587174660733,0.42667655610595284
UGC07323,0.41445534293343617,1.084439695764015
UGC07399,1.3805726763402528,3.932455661670197
UGC07524,2.797209390870704,0.1364863989140933
UGC07559,0.40856299078764974,0.2449000933225996
UGC07577,0.17128593441528808,0.05032670626216176
UGC07603,0.3780697283575484,2.756305264884644
UGC07608,0.8715532279655761,1.7354160937697858
UGC07690,1.5241204041480592,0.21013786464779902
UGC07866,1.3596767847832494,0.1309570362570493
UGC08286,2.374151599633262,0.6330424872391153
UGC08490,1.627051320683142,0.9602457577406526
UGC08550,1.5308370949394916,0.6982357245613149
UGC08699,0.8946034679100772,1.1489286310562055
UGC08837,0.18873891061851797,0.30618173934444803
UGC09037,0.28039488790119177,0.8665019746559043
UGC09133,0.8738061223955614,0.6082196529276711
UGC09992,2.380511045563671,0.010000000000000002
UGC10310,2.9999999999999996,0.07964873495790395
UGC11455,0.6455542863219416,1.1780513774814492
UGC11557,0.35509350459326355,0.2818312124943582
UGC11820,2.072512397764217,0.29211927220158435
UGC11914,1.1736291164856965,0.6975051730505335
UGC12506,2.743995979647533,0.17023370930425918
UGC12632,2.9999999999999996,0.1813800964540208
UGC12732,2.4606893103323397,0.3724564276382274
UGCA281,0.5488052979326148,0.7595469467230399
UGCA442,0.10000000000000002,1.1103122716121108
UGCA444,2.9999999999999996,0.283590675397443
