galaxy,s_g,chi_g,rms_km_s,chi2,n,redchi2
CamB,0.10000000000000026,0.04257214052318068,3.0042716018606335,36.10259143098503,9,5.15751306156929
D512-2,1.4249861989885682,0.23007694374948215,1.1261157534970372,0.2239384355686942,4,0.1119692177843471
D564-8,0.10000000000000002,0.4455505362221847,1.3414428424878024,4.140893103649115,6,1.0352232759122788
D631-7,0.10000000000000002,0.48953676415557945,8.072100446597803,165.89890309112153,16,11.849921649365823
DDO064,0.8011368008737062,0.7119296319780468,2.4786016873692676,2.7489111680212357,14,0.22907593066843632
DDO154,0.11632580571128429,0.7417450136787966,0.6110658679309853,16.89935236478207,12,1.6899352364782072
DDO161,0.10000000000000002,0.2812500770274538,2.659881918500585,47.914431126443105,31,1.6522217629807967
DDO168,0.10000000000000002,0.5390108830347443,5.668790068929052,139.69156172737598,10,17.461445215921998
DDO170,1.9747947231136123,0.20433596142825897,2.649812233177253,19.562257602448472,8,3.2603762670747454
ESO079-G014,0.9217865969242752,1.06046863735363,9.890796977429721,46.29616544397425,15,3.561243495690327
ESO116-G012,0.6135800619441554,2.0361670960426324,3.852502339455464,27.060249498766105,15,2.081557653751239
ESO444-G084,0.10214127268589739,3.0927111543168833,2.2009608247718693,8.121680043192024,7,1.6243360086384047
ESO563-G021,1.2022854367596194,1.302557863090128,23.747268435818228,482.2788812686424,30,17.22424575959437
F561-1,1.2133193843315249,0.010000000000000646,4.353896519871314,4.274244059872488,6,1.068561014968122
F563-1,2.7835961408929464,0.943876871220006,9.02240976445528,16.471478820669574,17,1.0980985880446383
F563-V1,0.8291825697762025,0.01000000000000004,2.8678859328593918,1.9739447337342675,6,0.49348618343356687
F563-V2,2.9999999999999964,1.0788122512535538,7.094084748846135,3.377089625674582,10,0.42213620320932277
F565-V2,0.8294760147289519,1.4480187951407584,4.021766225741782,1.6071063994710204,7,0.3214212798942041
F567-2,2.7867361923444456,0.010000000023243465,3.6448559972050787,1.1543940447005552,5,0.38479801490018506
F568-1,2.999999999882543,0.9792091703474023,9.928670609428556,9.053366190526528,12,0.9053366190526528
F568-3,0.8109094896077943,0.8294554201854283,9.02049190105972,45.18672236281234,18,2.8241701476757712
F568-V1,2.9999999999999996,1.069575627897224,8.255752603251162,4.7493212937752265,15,0.365332407213479
F571-8,0.34868738973320523,3.9999999999999996,22.677332658914267,338.279436780656,13,30.75267607096873
F571-V1,0.9319804063304877,0.6340272149541734,3.2210835059410248,0.9659683831433001,7,0.19319367662866002
F574-1,2.811748762118903,0.21038543588822667,5.318702951250272,18.961004319848612,14,1.5800836933207176
F574-2,0.41940299211441917,0.01000000000462244,2.5432244167004647,0.34499375799471743,5,0.11499791933157248
F579-V1,2.9999999999999996,0.1290735576225465,11.274215560024553,18.843303779753377,14,1.5702753149794482
F583-1,2.999999999998337,0.40021011401510603,7.267700797010958,39.532422708308985,25,1.7188009873177819
F583-4,0.739328657280409,0.772509443636611,1.46855916727701,1.204211957943557,12,0.1204211957943557
IC2574,0.12383939584181189,0.6425445451372477,2.5678337043551545,42.40112116051926,34,1.3250350362662269
IC4202,0.4747563606941037,3.359558926532289,24.836166057339526,990.0917881380667,32,33.00305960460222
KK98-251,0.10000000000000002,0.1688795236498576,1.396871229398251,7.317184618202179,15,0.5628603552463215
NGC0024,1.938907689158804,0.9700236734969375,4.516737342285183,19.91021724208477,29,0.737415453410547
NGC0055,0.10000000000000002,0.5290581250051334,1.9838340524233085,13.762330582426411,21,0.7243331885487585
NGC0100,0.1929709793111498,3.3270157720973166,2.993099560317073,8.545551896464179,21,0.44976588928758837
NGC0247,2.8833613135150395,0.08900157879904193,4.476128440249214,42.25292902789383,26,1.7605387094955762
NGC0289,1.1461619715510503,0.364602650862535,11.451119667806653,42.40125743326354,28,1.6308175935870592
NGC0300,0.6935316176920493,1.5226191395964677,4.399128682594967,19.683921655487698,25,0.8558226806733782
NGC0801,1.0223181576396136,0.18274055908908185,13.287236375829648,73.80351163395339,13,6.709410148541218
NGC0891,0.5001483594075913,1.7751317450802098,14.942360675755392,71.02952218790777,18,4.439345136744236
NGC1003,0.5691000739608779,0.8908467246761426,5.6463018470029676,181.98288760392373,36,5.352437870703639
NGC1090,0.8802428532543626,0.42755597931829903,9.02574958272595,55.631134711670306,24,2.5286879414395593
NGC1705,1.5083909056192555,2.1462559667802132,2.1269850102280303,1.2327674888658011,14,0.1027306240721501
NGC2366,0.37445805804590465,0.40256887791150403,3.4749428616700575,32.00109992213398,26,1.3333791634222492
NGC2403,0.8960209346583685,1.1301779626722126,4.912075635861113,980.9058098195115,73,13.815574786190304
NGC2683,1.0344992485359803,0.47599004423308683,7.781856272592182,7.854412014581628,11,0.8727124460646254
NGC2841,1.3528942718585293,1.2772460710219324,6.444432050530586,75.41323880531777,50,1.5711091417774536
NGC2903,0.6336609219535072,1.684593346633455,19.125466132544616,228.3335181038614,34,7.135422440745669
NGC2915,0.8173363904069948,3.252117486429025,12.095860310465142,46.25930882810294,30,1.6521181724322478
NGC2955,0.8569456506499344,0.32356327362745335,14.002219977336095,109.59178678473027,24,4.981444853851376
NGC2976,1.6496864775851001,0.010000000000441567,3.399177298823937,20.981892488642405,27,0.8392756995456963
NGC2998,1.1326695424867939,0.40116140152510565,22.366655960175603,30.052644676550223,13,2.7320586069591113
NGC3109,0.10000000000000002,1.591700353139127,2.729782207338687,54.905212702737494,25,2.3871831609885867
NGC3198,0.9537204953482705,0.5921305225019169,8.572999632871573,100.18562558140829,43,2.4435518434489825
NGC3521,0.8345218306184683,1.1315716043976967,7.833395052663406,24.50901620680119,41,0.6284363129949023
NGC3726,0.6289903095893832,0.5251540128884904,11.91539175697499,31.288693915015703,12,3.12886939150157
NGC3741,0.17588510254418724,1.2749257200646715,1.0379507470699525,4.523098839824036,21,0.23805783367494926
NGC3769,0.5288011037223793,0.9228715734911244,5.829533079621407,7.156422760056539,12,0.7156422760056539
NGC3877,0.920078653303662,0.25958488657735695,18.747519574451463,87.1829872525508,13,7.925726113868254
NGC3893,0.7051476479342337,1.409281714463212,5.995303482586948,4.641456068340469,10,0.5801820085425586
NGC3917,1.4049999844908316,0.33380904202321443,6.239319551182755,39.91418171449206,17,2.660945447632804
NGC3949,0.595352168354206,1.280565063957887,4.653926797114357,1.9492620074253306,7,0.3898524014850661
NGC3953,1.4868707865143744,0.02515493744837709,4.197527972207164,3.5978335010049305,8,0.599638916834155
NGC3972,0.5158510640023944,2.316368464661267,5.261667511317701,11.024059699610616,10,1.378007462451327
NGC3992,1.4014677111823832,0.42582816361920955,6.950656438463436,9.05392535176463,9,1.293417907394947
NGC4010,0.24782520850381212,2.5486557443513265,6.23469876553944,16.045237018961853,12,1.6045237018961853
NGC4013,0.5442836829168389,1.3564947740430966,7.993966295429518,64.78930387922652,36,1.9055677611537212
NGC4051,1.1296296819032392,0.04203259878890382,8.220635450579138,7.312044453420808,7,1.4624088906841615
NGC4068,0.1051931472031496,0.4718103052605385,1.0781166161756377,1.0269313024558004,6,0.2567328256139501
NGC4085,0.23098319742538376,3.999068836710461,10.424656545521437,17.596911324896052,7,3.5193822649792104
NGC4088,0.48165020228178457,0.5339734614194487,6.441645723876246,7.426428590653269,12,0.7426428590653269
NGC4100,1.1270853631757616,0.5758283917812138,6.70613840549278,28.93755185843056,24,1.3153432662922981
NGC4138,1.022476466175848,0.5705971749459666,10.237532758691401,4.911499172910533,7,0.9822998345821066
NGC4157,0.5657131213601868,0.8502417723663012,7.156422462400764,10.520151334543113,17,0.7013434223028743
NGC4183,1.870036313668802,0.19703376577180648,4.2076811867101584,10.548518623254948,23,0.502310410631188
NGC4214,0.6426751905129214,3.6803663650043617,6.116242412657293,11.693752177489563,14,0.9744793481241302
NGC4217,0.19582219677256307,3.9999999999999996,13.524765865413835,56.748433887457786,19,3.338143169850458
NGC4389,0.10000000000000002,1.9621149003666256,10.225292395855417,14.628033838574325,6,3.6570084596435812
NGC4559,0.7206280324546636,0.4795264477504657,3.889730770946075,17.232123620443943,32,0.5744041206814647
NGC5005,0.6666744131188226,1.8788125880007776,5.774563586514525,1.197900350447407,18,0.07486877190296294
NGC5033,0.9534366612112983,0.8723544308743765,17.030974810672657,154.63132409257722,22,7.7315662046288605
NGC5055,0.6131828958055804,0.6670555679545338,3.335839907647549,105.40573114393591,28,4.054066582459074
NGC5371,1.1153576919234094,0.051482287780672494,16.313290603979144,229.6945874939979,19,13.511446323176346
NGC5585,0.41289442129385046,1.152281162042977,4.629199180704217,143.99940145930472,24,6.545427339059305
NGC5907,1.2166699173059101,0.34243219288100607,11.613687225105707,122.51917434076371,19,7.207010255339042
NGC5985,2.9066888065855534,0.07168230995165463,15.175577654481156,305.02083155010155,33,9.8393816629065
NGC6015,1.272641900364654,0.5387241970189797,9.015794854880957,436.3084998015986,44,10.388297614323776
NGC6195,0.8241719390570527,0.2526034635999503,10.280202502560183,77.9608411235032,23,3.712421005881105
NGC6503,0.7061468728875411,1.1579423780469578,3.8459009630363084,80.96897664755836,31,2.7920336775020127
NGC6674,1.2294779951550585,0.6673628360822348,13.513981632636492,122.49479461493071,15,9.422676508840825
NGC6789,1.2207285359430011,3.999999999999246,6.709259242984597,3.9444862960623195,4,1.9722431480311597
NGC6946,0.7057168043176997,0.7021917975720987,4.221916183733164,78.44104005736504,58,1.400732858167233
NGC7331,0.543920047579105,1.126183296489071,5.5275468841932165,52.37888635923987,36,1.5405554811541138
NGC7793,0.9296630743872605,0.5396736483577841,5.946362197062896,31.899518424528548,46,0.7249890551029216
NGC7814,0.7145086907892846,2.467592278019413,2.6151363133916,6.520570934237061,18,0.40753568338981633
PGC51017,0.5363601270602512,0.010000000000000002,4.968238903392537,12.280360340292447,6,3.0700900850731117
UGC00128,2.999999999999999,0.28075607181230433,5.3837650139758795,130.36054854223565,22,6.518027427111782
UGC00191,1.9514696593311327,0.28252319750689375,4.7651682816907925,21.163994234193417,9,3.0234277477419167
UGC00634,0.846138251720673,0.9576178151211662,2.1514481734840287,1.7692003574556352,4,0.8846001787278176
UGC00731,2.9999999999999996,0.5507354732639009,8.29543550559204,102.78496275114473,12,10.278496275114474
UGC00891,0.10000000000000002,0.8563426193985602,3.110862753455408,43.127513631237164,5,14.375837877079055
UGC01230,2.9999999999999996,0.16853810129826458,9.600473671212715,8.77190048837351,11,0.9746556098192788
UGC01281,0.4477201600637594,1.0341663879682772,3.746426091672948,20.151853528393104,25,0.8761675447127437
UGC02023,0.10000000000002267,1.0513871127476924,3.473192842727844,0.7987083895206399,5,0.26623612984021333
UGC02259,2.999999999999999,0.3959677103610454,4.520882350743425,21.719638492746196,8,3.6199397487910328
UGC02455,0.10000000000000002,0.18798139641717498,3.951213439930886,9.42645069912478,8,1.5710751165207968
UGC02487,1.668737594172504,0.719307906418037,10.67177053588046,58.70897927761647,17,3.913931951841098
UGC02885,1.0742403901819635,0.6724532532669883,12.332823402506023,28.898721284706046,19,1.6999247814532967
UGC02916,0.5667980578891987,1.428826377255102,25.09678917773574,557.5877703942506,43,13.599701716932941
UGC02953,0.9964882130582039,1.2567758324685834,22.478852946270123,733.5077977806468,115,6.4912194493862545
UGC03205,1.1432481725001242,0.6132830563192376,12.949945022609912,197.809281327927,48,4.300201767998414
UGC03546,0.6746693776382082,1.147224802524291,10.810587309234112,36.73276294949751,30,1.3118843910534825
UGC03580,0.2738171620546005,1.4235529055406257,7.931476784177871,240.71795126732798,47,5.349287805940621
UGC04278,0.8865879257994658,1.1601861767794546,6.862314014155801,66.89351803623903,25,2.9084138276625664
UGC04305,0.932385271298252,0.010000000000000002,5.658382427889976,57.728781584922565,22,2.886439079246128
UGC04325,2.9999999999999996,0.36678674381774523,6.414962116106619,35.213407046881265,8,5.868901174480211
UGC04483,0.8593683650929598,0.2491235471876438,0.9293756549981385,2.4884864565827267,8,0.4147477427637878
UGC04499,1.0470220257473908,0.3922838505539048,3.6997358537928453,9.316328252459432,9,1.330904036065633
UGC05005,0.5138471671895374,0.5134477550963211,3.8297493085094474,1.3541631953495694,11,0.15046257726106327
UGC05253,0.8040793250268095,1.1444919049945417,17.257826200066607,372.1408378937528,73,5.241420252024687
UGC05414,0.2988575655436122,0.8361367549404036,0.6151469421202069,0.3769332513317393,6,0.09423331283293483
UGC05716,2.40312982156971,0.44636272295894963,1.9892052955202137,54.782200892468246,12,5.4782200892468245
UGC05721,1.4604413530656946,2.0164029843538187,5.8448332065297715,34.06697531472175,23,1.6222369197486548
UGC05750,2.151213579963649,0.10742839633365404,5.099464377791062,4.531350900999205,11,0.5034834334443561
UGC05764,2.9999999999999996,1.441739362393532,5.843184799024249,208.01303822955424,10,26.00162977869428
UGC05829,2.9065062901456122,0.15976357787689935,1.0779579490704316,0.4992238099175681,11,0.05546931221306312
UGC05918,2.99999999999995,0.19678116230965373,1.9577543414673462,1.9852777610909706,8,0.3308796268484951
UGC05986,0.5478216229229259,3.4840451190200294,5.667893943877188,41.13514457100697,15,3.164241890077459
UGC05999,0.9320342774515211,0.5045910124120199,7.604589256794469,11.565955552910768,5,3.8553185176369227
UGC06399,1.1395898647139608,0.86207575894224,3.0645156388472934,2.485917094539104,9,0.35513101350558623
UGC06446,2.9999999999999947,0.4786802538733481,2.8714776654341345,4.2558068820945705,17,0.2837204588063047
UGC06614,0.3458967469835153,1.6261001444199483,11.807457584984405,9.745302592790333,13,0.8859365993445757
UGC06628,0.928839734416351,0.010000000000000002,5.990578155060588,3.6730301891457118,7,0.7346060378291424
UGC06667,2.9999999999999996,1.3551117628420895,5.619143867846255,28.3982382691701,9,4.056891181310014
UGC06786,0.8163434219883026,3.0444965272869617,10.636425682872083,49.85005129352226,45,1.1593035184540061
UGC06787,0.7294830746958881,3.3309048873515885,13.148397876384553,1597.237580761282,71,23.148370735670756
UGC06818,0.10000000000000002,2.0804945448125145,4.56276576148274,6.99227136677857,8,1.1653785611297616
UGC06917,0.9996059793678078,0.8818581736219864,3.9137196542352073,10.980246415074603,11,1.2200273794527337
UGC06923,0.3300842801791223,1.3704107110061174,3.8806404391655636,3.3023676467567706,6,0.8255919116891927
UGC06930,1.943357917270614,0.1844183518081112,4.738323779544924,3.9768054421597254,10,0.4971006802699657
UGC06973,0.2766588184090546,3.9999999999999996,6.694978416931624,10.730198710992548,9,1.5328855301417925
UGC06983,1.818527741032102,0.5395909500934345,6.074935339129374,14.54339517693708,17,0.969559678462472
UGC07089,0.2823584672468661,0.8220804863758464,1.718019003662398,1.622855199907734,12,0.1622855199907734
UGC07125,1.6590796766138303,0.04634845129884862,3.296961584293709,19.16253822255758,13,1.7420489293234163
UGC07151,1.657982862418031,0.20230999253283077,2.8870452968509626,15.81445293711576,11,1.7571614374573068
UGC07232,0.10965140792814056,3.999999999999999,1.770036416837298,1.1507911540606874,4,0.5753955770303437
UGC07261,1.409586610497763,0.42667599757330926,3.598268535883949,2.829126196928632,7,0.5658252393857264
UGC07323,0.4144571947141402,1.084429103834245,1.7694698493670635,2.090568507380765,10,0.26132106342259565
UGC07399,1.380604798496801,3.932359573339815,3.073251405140402,11.71790776622988,10,1.464738470778735
UGC07524,2.7972082290928593,0.13648576993415792,3.713571317943624,39.31477721536301,31,1.355681972943552
UGC07559,0.4085629729400814,0.24489872770018253,1.5915551120794262,1.6995594440187376,7,0.3399118888037475
UGC07577,0.17128593724654598,0.05032641552792763,0.8084162293026944,0.5853209006159759,9,0.08361727151656798
UGC07603,0.3780746709774534,2.7562755199191256,2.417549333022762,8.397233908979253,12,0.8397233908979252
UGC07608,0.8715529834530272,1.73540825918709,3.7613764810602284,2.528898278853256,8,0.42148304647554263
UGC07690,1.52411914968937,0.21013818048558697,2.187971503103243,1.8039596626171834,7,0.36079193252343666
UGC07866,1.3596700244726074,0.13095728501392184,0.7286311185264892,0.22434926550695378,7,0.04486985310139076
UGC08286,2.3741474855969735,0.6330408622838979,3.285148206060674,31.535939394847695,17,2.102395959656513
UGC08490,1.6270534225848194,0.9602398044156794,1.7430859411520954,6.694314667728833,30,0.23908266670460118
UGC08550,1.5308356998487187,0.6982330822288253,2.2589330393293063,13.249635202032241,11,1.4721816891146935
UGC08699,0.8946063427194475,1.148919432506225,10.534438021197088,31.584605199885836,41,0.8098616717919445
UGC08837,0.1887389240786102,0.30618006700954337,3.0312786115643777,12.450807262232534,8,2.0751345437054223
UGC09037,0.2803956498460965,0.8664963816164242,9.212097238704187,33.36643150958389,22,1.6683215754791945
UGC09133,0.8738071331041205,0.6082162195002351,18.106866997554025,682.345903277291,68,10.338574292080166
UGC09992,2.3805086067770342,0.010000000000071282,1.4263804541834348,0.3175469165672785,5,0.10584897218909284
UGC10310,2.9999999999966573,0.07964840057269328,1.647870881561917,0.7424092352676009,7,0.1484818470535202
UGC11455,0.6455568178915622,1.1780388836532312,12.711235494913515,162.26846596194923,36,4.7726019400573305
UGC11557,0.3550936464620654,0.2818299263767459,7.96722941112169,11.525524536956699,12,1.15255245369567
UGC11820,2.0725123447716247,0.29211768502941204,2.826239734911144,20.43224084035895,10,2.554030105044869
UGC11914,1.1736302520477493,0.6975108404591347,9.661016757661741,236.5481950785772,65,3.7547332552155113
UGC12506,2.74399179673082,0.17023385204217217,17.06598456221647,28.41877249962019,31,0.9799576724006962
UGC12632,2.9999999999999996,0.1813791405701877,2.378329015858986,7.694539660648928,15,0.5918876662037638
UGC12732,2.4606870640697385,0.3724549983397443,1.7491669634563856,3.3660870533670186,16,0.2404347895262156
UGCA281,0.5489534226471261,0.7593702985872962,0.517174983117137,1.0556551062858803,7,0.21113102125717606
UGCA442,0.10000000000000002,1.1103077294331998,3.7088746059560918,39.134604437681126,8,6.522434072946854
UGCA444,2.9999999999999996,0.2835892718727504,1.9917304399769653,7.057725444199996,36,0.2075801601235293
